Academic_Program_ID,Institute_ID,Academic_Program
1,1,"Computer Science and Engineering (4 Years, Bachelor of Technology)"
2,1,"Electronics and Communication Engineering (4 Years, Bachelor of Technology)"
3,1,"Agricultural Engineering (4 Years, Bachelor of Technology)"
4,2,"Bio Technology (4 Years, Bachelor of Technology)"
5,2,"Chemical Engineering (4 Years, Bachelor of Technology)"
6,2,"Civil Engineering (4 Years, Bachelor of Technology)"
7,2,"Artificial Intelligence and Machine Learning (4 Years, Bachelor of Technology)"
8,2,"Computer Science and Engineering (4 Years, Bachelor of Technology)"
9,2,"Electronics and Communication Engineering (4 Years, Bachelor of Technology)"
10,2,"Mechanical Engineering (4 Years, Bachelor of Technology)"
11,2,"Production and Industrial Engineering (4 Years, Bachelor of Technology)"
12,2,"Electrical and Electronics Engineering (4 Years, Bachelor of Technology)"
13,2,"Food Engineering  and Technology (4 Years, Bachelor of Technology)"
14,2,"Architecture  (5 Years, Bachelor of Architecture)"
15,2,"Mathematics and Computing (5 Years, Integrated Master of Science)"
16,2,"Physics (5 Years, Integrated Master of Science)"
17,2,"Quantitative Economics &amp; Data Science (5 Years, Integrated Master of Science)"
18,3,"Computer Science and Engineering (4 Years, Bachelor of Technology)"
19,3,"Electrical Engineering (4 Years, Bachelor of Technology)"
20,3,"Electronics and Communication Engineering (4 Years, Bachelor of Technology)"
21,3,"Mechanical Engineering (4 Years, Bachelor of Technology)"
22,4,"Carpet  and Textile Technology (4 Years, Bachelor of Technology)"
23,5,"Civil Engineering (4 Years, Bachelor of Technology)"
24,5,"Electrical Engineering (4 Years, Bachelor of Technology)"
25,5,"Mechanical Engineering (4 Years, Bachelor of Technology)"
26,5,"Computer Engineering (4 Years, Bachelor of Technology)"
27,6,"Chemical Engineering (4 Years, Bachelor of Technology)"
28,6,"Civil Engineering (4 Years, Bachelor of Technology)"
29,6,"Computer Science and Engineering (4 Years, Bachelor of Technology)"
30,6,"Electrical Engineering (4 Years, Bachelor of Technology)"
31,6,"Electronics and Communication Engineering (4 Years, Bachelor of Technology)"
32,6,"Mechanical Engineering (4 Years, Bachelor of Technology)"
33,6,"Animation and VFX (4 Years, Bachelor of Technology)"
34,6,"Information Technology (4 Years, Bachelor of Technology)"
35,6,"Industrial and Production Engineering (4 Years, Bachelor of Technology)"
36,6,"Artificial Intelligence and Data Science (4 Years, Bachelor of Technology)"
37,7,"Electronics and Communication Engineering (4 Years, Bachelor of Technology)"
38,7,"Computer Science and Engineering with Major in Artificial Intelligence (4 Years, Bachelor of Technology)"
39,8,"Computer Science and Engineering (4 Years, Bachelor of Technology)"
40,8,"Electronic Engineering (4 Years, Bachelor of Technology)"
41,9,"Mechanical Engineering (4 Years, Bachelor of Technology)"
42,9,"Production and Industrial Engineering (4 Years, Bachelor of Technology)"
43,9,"Computer Engineering (4 Years, Bachelor of Technology)"
44,9,"Metallurgy and Materials Engineering (4 Years, Bachelor of Technology)"
45,10,"Chemical Engineering (4 Years, Bachelor of Technology)"
46,10,"Civil Engineering (4 Years, Bachelor of Technology)"
47,10,"Computer Science and Engineering (4 Years, Bachelor of Technology)"
48,10,"Electrical Engineering (4 Years, Bachelor of Technology)"
49,10,"Electronics and Communication Engineering (4 Years, Bachelor of Technology)"
50,10,"Mechanical Engineering (4 Years, Bachelor of Technology)"
51,10,"Instrumentation and Control Engineering (4 Years, Bachelor of Technology)"
52,10,"Food Technology (4 Years, Bachelor of Technology)"
53,10,"Artificial Intelligence and Data Science (4 Years, Bachelor of Technology)"
54,10,"Computer Science and Engineering (5 Years, Bachelor and Master of Technology (Dual Degree))"
55,10,"Electrical Engineering (5 Years, Bachelor and Master of Technology (Dual Degree))"
56,10,"Mechanical Engineering (5 Years, Bachelor and Master of Technology (Dual Degree))"
57,10,"Chemistry (5 Years, Integrated Master of Science)"
58,10,"Physics (5 Years, Integrated Master of Science)"
59,10,"Mathematics (5 Years, Integrated Master of Science)"
60,11,"Civil Engineering (4 Years, Bachelor of Technology)"
61,11,"Electrical Engineering (4 Years, Bachelor of Technology)"
62,11,"Electronics and Communication Engineering (4 Years, Bachelor of Technology)"
63,11,"Information Technology (4 Years, Bachelor of Technology)"
64,11,"Computer Engineering (4 Years, Bachelor of Technology)"
65,11,"Architecture  (5 Years, Bachelor of Architecture)"
66,12,"Civil Engineering (4 Years, Bachelor of Technology)"
67,12,"Computer Science and Engineering (4 Years, Bachelor of Technology)"
68,12,"Electrical Engineering (4 Years, Bachelor of Technology)"
69,12,"Electronics and Communication Engineering (4 Years, Bachelor of Technology)"
70,12,"Mechanical Engineering (4 Years, Bachelor of Technology)"
71,12,"Food Engineering  and Technology (4 Years, Bachelor of Technology)"
72,12,"Bachelor of Design (4 Years, Bachelor of Design)"
73,12,"B.Tech. (Civil Engineering) - MBA (5 Years, Bachelor of Technology and MBA (Dual Degree))"
74,12,"B.Tech. (Computer Science and Engineering) - MBA (5 Years, Bachelor of Technology and MBA (Dual Degree))"
75,12,"B.Tech. (Elctrical Engineering) - MBA (5 Years, Bachelor of Technology and MBA (Dual Degree))"
76,12,"B.Tech. (Electronics and Communication Engineering) - MBA (5 Years, Bachelor of Technology and MBA (Dual Degree))"
77,12,"B.Tech. (Food Engineering and Technology) - MBA (5 Years, Bachelor of Technology and MBA (Dual Degree))"
78,12,"B.Tech. (Mechanical Engineering) - MBA (5 Years, Bachelor of Technology and MBA (Dual Degree))"
79,13,"Planning (4 Years, Bachelor of Planning)"
80,13,"Architecture  (5 Years, Bachelor of Architecture)"
81,14,"Planning (4 Years, Bachelor of Planning)"
82,14,"Architecture  (5 Years, Bachelor of Architecture)"
83,15,"Planning (4 Years, Bachelor of Planning)"
84,15,"Architecture  (5 Years, Bachelor of Architecture)"
85,16,"Bio Technology (4 Years, Bachelor of Technology)"
86,16,"Civil Engineering (4 Years, Bachelor of Technology)"
87,16,"Computer Science and Engineering (4 Years, Bachelor of Technology)"
88,16,"Electrical Engineering (4 Years, Bachelor of Technology)"
89,16,"Electronics and Communication Engineering (4 Years, Bachelor of Technology)"
90,16,"B.Tech in Mathematics and Computing (4 Years, Bachelor of Technology)"
91,16,"Mechanical Engineering (4 Years, Bachelor of Technology)"
92,16,"Robotics and AI (4 Years, Bachelor of Technology)"
93,16,"Architecture  (5 Years, Bachelor of Architecture)"
94,17,"Computer Science and Engineering (4 Years, Bachelor of Technology)"
95,17,"Electronics and Communication Engineering (4 Years, Bachelor of Technology)"
96,17,"Data Science and Artificial Intelligence (4 Years, Bachelor of Technology)"
97,18,"Computer Science and Engineering (5 Years, Bachelor and Master of Technology (Dual Degree))"
98,18,"Materials Engineering (5 Years, Integrated Master of Technology)"
99,19,"Aerospace Engineering (4 Years, Bachelor of Technology)"
100,19,"Civil Engineering (4 Years, Bachelor of Technology)"
101,19,"Computer Science and Engineering (4 Years, Bachelor of Technology)"
102,19,"Electrical Engineering (4 Years, Bachelor of Technology)"
103,19,"Electronics and Communication Engineering (4 Years, Bachelor of Technology)"
104,19,"Electronics Engineering (VLSI Design and Technology) (4 Years, Bachelor of Technology)"
105,19,"Mathematics and Computing (4 Years, Bachelor of Technology)"
106,19,"Mechanical Engineering (4 Years, Bachelor of Technology)"
107,19,"Metallurgical and Materials Engineering (4 Years, Bachelor of Technology)"
108,19,"Production and Industrial Engineering (4 Years, Bachelor of Technology)"
109,19,"Computer Science Engineering (Artificial Intelligence) (4 Years, B. Tech / B. Tech (Hons.))"
110,19,"Computer Science Engineering (Data Science) (4 Years, B. Tech / B. Tech (Hons.))"
111,20,"Computer Science and Engineering (4 Years, Bachelor of Technology)"
112,20,"Electronics and Communication Engineering (4 Years, Bachelor of Technology)"
113,21,"Computer Science and Engineering (4 Years, Bachelor of Technology)"
114,21,"Electrical and Electronics Engineering (4 Years, Bachelor of Technology)"
115,21,"Information Technology (4 Years, Bachelor of Technology)"
116,21,"Computer Engineering (4 Years, Bachelor of Technology)"
117,21,"Electronics and Telecommunication Engineering (4 Years, Bachelor of Technology)"
118,22,"Civil Engineering (4 Years, Bachelor of Technology)"
119,22,"Computer Science and Engineering (4 Years, Bachelor of Technology)"
120,22,"Electronics and Communication Engineering (4 Years, Bachelor of Technology)"
121,22,"Instrumentation Engineering (4 Years, Bachelor of Technology)"
122,22,"Food Engineering  and Technology (4 Years, Bachelor of Technology)"
123,23,"Chemical Engineering (4 Years, Bachelor of Technology)"
124,23,"Civil Engineering (4 Years, Bachelor of Technology)"
125,23,"Computer Science and Engineering (4 Years, Bachelor of Technology)"
126,23,"Electronics and Communication Engineering (4 Years, Bachelor of Technology)"
127,23,"Mechanical Engineering (4 Years, Bachelor of Technology)"
128,23,"Electronics and Instrumentation Engineering (4 Years, Bachelor of Technology)"
129,23,"Electrical and Electronics Engineering (4 Years, Bachelor of Technology)"
130,23,"Information Technology (4 Years, Bachelor of Technology)"
131,23,"Mechatronics Engineering (4 Years, Bachelor of Technology)"
132,24,"Computer Science Engineering (Artificial lntelligence and Machine Learning) (4 Years, Bachelor of Technology)"
133,24,"Civil and Environmental Engineering (4 Years, Bachelor of Technology)"
134,24,"Electrical Engineering (4 Years, Bachelor of Technology)"
135,24,"Mechanical Engineering (4 Years, Bachelor of Technology)"
136,24,"Food Technology (4 Years, Bachelor of Technology)"
137,25,"Computer Science and Engineering (4 Years, Bachelor of Technology)"
138,25,"Electronics and Communication Engineering (4 Years, Bachelor of Technology)"
139,25,"Bio Medical Engineering (4 Years, Bachelor of Technology)"
140,26,"Food Technology and Management (4 Years, Bachelor of Technology)"
141,27,"Food Technology (4 Years, Bachelor of Technology)"
142,28,"Civil Engineering (4 Years, Bachelor of Technology)"
143,28,"Computer Science and Engineering (4 Years, Bachelor of Technology)"
144,28,"Electrical Engineering (4 Years, Bachelor of Technology)"
145,28,"Electronics and Communication Engineering (4 Years, Bachelor of Technology)"
146,28,"Mechanical Engineering (4 Years, Bachelor of Technology)"
147,28,"Agricultural Engineering (4 Years, Bachelor of Technology)"
148,29,"Handloom and Textile Technology (4 Years, Bachelor of Technology)"
149,30,"Civil Engineering (4 Years, Bachelor of Technology)"
150,30,"Computer Science Engineering (Artificial Intelligence) (4 Years, B. Tech / B. Tech (Hons.))"
151,30,"Computer Science Engineering (Data Science) (4 Years, B. Tech / B. Tech (Hons.))"
152,31,"Chemical Engineering (5 Years, Integrated Masters in Technology)"
153,32,"Electronics and Communication Engineering (4 Years, Bachelor of Technology)"
154,32,"Information Technology (4 Years, Bachelor of Technology)"
155,32,"Biomedical Engineering (4 Years, Bachelor of Technology)"
156,32,"Energy Engineering (4 Years, Bachelor of Technology)"
157,33,"Electronics and Communication Engineering (Avionics) (4 Years, Bachelor of Technology)"
158,33,"Computer Science and Engineering (4 Years, Bachelor of Technology)"
159,33,"Electronics and Communication Engineering (4 Years, Bachelor of Technology)"
160,33,"Mathematics and Computing (4 Years, Bachelor of Technology)"
161,33,"Computer Science and Engineering with specialization in Cyber Security (4 Years, Bachelor of Technology)"
162,34,"Computer Science and Engineering (4 Years, Bachelor of Technology)"
163,34,"Electronics and Communication Engineering (4 Years, Bachelor of Technology)"
164,34,"Aeronautical Engineering (4 Years, Bachelor of Technology)"
165,34,"Dairy Engineering (4 Years, Bachelor of Technology)"
166,34,"Fashion and Apparel Engineering (4 Years, Bachelor of Technology)"
167,34,"Food Engineering  and Technology (4 Years, Bachelor of Technology)"
168,35,"Civil Engineering (4 Years, Bachelor of Technology)"
169,35,"Computer Science and Engineering (4 Years, Bachelor of Technology)"
170,35,"Electrical Engineering (4 Years, Bachelor of Technology)"
171,35,"Printing and Packaging Technology (4 Years, Bachelor of Technology)"
172,36,"Computer Science and Engineering (4 Years, Bachelor of Technology)"
173,36,"Electronics and Communication Engineering (4 Years, Bachelor of Technology)"
174,36,"Mechanical Engineering (4 Years, Bachelor of Technology)"
175,36,"Electrical and Electronics Engineering (4 Years, Bachelor of Technology)"
176,37,"Civil Engineering (4 Years, Bachelor of Technology)"
177,37,"Artificial Intelligence and Machine Learning (4 Years, Bachelor of Technology)"
178,37,"Computer Science and Engineering (4 Years, Bachelor of Technology)"
179,37,"Electronics and Communication Engineering (4 Years, Bachelor of Technology)"
180,37,"Mechanical Engineering (4 Years, Bachelor of Technology)"
181,37,"Electrical and Electronics Engineering (4 Years, Bachelor of Technology)"
182,37,"Mathematics and Computing (5 Years, Integrated Master of Science)"
183,38,"Handloom and Textile Technology (4 Years, Bachelor of Technology)"
184,39,"B.Tech in Electronics &amp; Communication Engineering (Rail Engineering) (4 Years, Bachelor of Technology)"
185,39,"B.Tech in Electrical Engineering ( Rail  Engineering) (4 Years, Bachelor of Technology)"
186,39,"B.Tech in Mechanical Engineering ( Rail  Engineering) (4 Years, Bachelor of Technology)"
187,39,"B.Tech in Civil Engineering (Rail Engineering) (4 Years, Bachelor of Technology)"
188,39,"B.Tech in Artificial Intelligenece and Data Science (Transportation and Logistics) (4 Years, Bachelor of Technology)"
189,39,"B.Tech in Aviation Engineering (4 Years, Bachelor of Technology)"
190,40,"Civil Engineering (4 Years, Bachelor of Technology)"
191,40,"Computer Science and Engineering (4 Years, Bachelor of Technology)"
192,40,"Electrical Engineering (4 Years, Bachelor of Technology)"
193,40,"Metallurgical and Materials Engineering (4 Years, Bachelor of Technology)"
194,41,"B.Tech in CSE (AI and ML) (4 Years, Bachelor of Technology)"
195,42,"Computer Science and Engineering (4 Years, Bachelor of Technology)"
196,43,"Computer Science and Engineering (Internet of Things, Cyber Security including Block Chain Technology ) (4 Years, Bachelor of Technology)"
197,44,"Computer Science and Engineering with minor in AI and ML (4 Years, Bachelor of Technology)"
198,44,"B.Tech in Electronics and Communication Engineering with minor in Wearable Electronics (4 Years, Bachelor of Technology)"
199,45,"Aerospace Engineering (4 Years, Bachelor of Technology)"
200,45,"Electronics and Communication Engineering (Avionics) (4 Years, Bachelor of Technology)"
201,46,"Architecture  (5 Years, Bachelor of Architecture)"
202,47,"Civil Engineering (4 Years, Bachelor of Technology)"
203,47,"Computer Science and Engineering (4 Years, Bachelor of Technology)"
204,47,"Electrical Engineering (4 Years, Bachelor of Technology)"
205,47,"Mechanical Engineering (4 Years, Bachelor of Technology)"
206,47,"Electronics and Instrumentation Engineering (4 Years, Bachelor of Technology)"
207,47,"Information Technology (4 Years, Bachelor of Technology)"
208,47,"Industrial and Production Engineering (4 Years, Bachelor of Technology)"
209,47,"Electronics and Telecommunication Engineering (4 Years, Bachelor of Technology)"
210,47,"Biomedical Engineering (4 Years, Bachelor of Technology)"
211,48,"Civil Engineering (4 Years, Bachelor of Technology)"
212,48,"Computer Science and Engineering (4 Years, Bachelor of Technology)"
213,48,"Electrical Engineering (4 Years, Bachelor of Technology)"
214,48,"Electronics and Communication Engineering (4 Years, Bachelor of Technology)"
215,48,"Engineering Physics (4 Years, Bachelor of Technology)"
216,48,"Mathematics and Computing (4 Years, Bachelor of Technology)"
217,48,"Mechanical Engineering (4 Years, Bachelor of Technology)"
218,48,"Metallurgical and Materials Engineering (4 Years, Bachelor of Technology)"
219,49,"Aerospace Engineering (4 Years, Bachelor of Technology)"
220,49,"Chemical Engineering (4 Years, Bachelor of Technology)"
221,49,"Civil Engineering (4 Years, Bachelor of Technology)"
222,49,"Environmental Science and Engineering (4 Years, Bachelor of Technology)"
223,49,"Computer Science and Engineering (4 Years, Bachelor of Technology)"
224,49,"Electrical Engineering (4 Years, Bachelor of Technology)"
225,49,"Engineering Physics (4 Years, Bachelor of Technology)"
226,49,"Mechanical Engineering (4 Years, Bachelor of Technology)"
227,49,"Metallurgical Engineering and Materials Science (4 Years, Bachelor of Technology)"
228,49,"Industrial Engineering and Operations Research (4 Years, Bachelor of Technology)"
229,49,"Energy Engineering (4 Years, Bachelor of Technology)"
230,49,"Chemistry (4 Years, Bachelor of Science)"
231,49,"Economics (4 Years, Bachelor of Science)"
232,49,"BS in Mathematics (4 Years, Bachelor of Science)"
233,49,"Applied Geophysics (4 Years, Bachelor of Science)"
234,49,"Electrical Engineering (5 Years, Bachelor and Master of Technology (Dual Degree))"
235,50,"Civil Engineering (4 Years, Bachelor of Technology)"
236,50,"B.Tech in General Engineering (4 Years, Bachelor of Technology)"
237,50,"Computer Science and Engineering (4 Years, Bachelor of Technology)"
238,50,"Electrical Engineering (4 Years, Bachelor of Technology)"
239,50,"Engineering Physics (4 Years, Bachelor of Technology)"
240,50,"B.Tech in Materials Science and Engineering (4 Years, Bachelor of Technology)"
241,50,"B.Tech in Microelectronics &amp; VLSI (4 Years, Bachelor of Technology)"
242,50,"B.Tech in Mathematics and Computing (4 Years, Bachelor of Technology)"
243,50,"Mechanical Engineering (4 Years, Bachelor of Technology)"
244,50,"Bio Engineering (4 Years, Bachelor of Technology)"
245,50,"Data Science and Artificial Intelligence (4 Years, Bachelor of Technology)"
246,50,"BS in Chemical Sciences (4 Years, Bachelor of Science)"
247,51,"Biotechnology and Biochemical Engineering (4 Years, Bachelor of Technology)"
248,51,"Chemical Engineering (4 Years, Bachelor of Technology)"
249,51,"Civil Engineering (4 Years, Bachelor of Technology)"
250,51,"Computer Science and Engineering (4 Years, Bachelor of Technology)"
251,51,"Electrical Engineering (4 Years, Bachelor of Technology)"
252,51,"Electrical Engineering (Power and Automation) (4 Years, Bachelor of Technology)"
253,51,"Engineering Physics (4 Years, Bachelor of Technology)"
254,51,"Abu Dhabi Campus - Energy Engineering (4 Years, Bachelor of Technology)"
255,51,"Mathematics and Computing (4 Years, Bachelor of Technology)"
256,51,"Mechanical Engineering (4 Years, Bachelor of Technology)"
257,51,"Design (4 Years, Bachelor of Technology)"
258,51,"Abu Dhabi Campus - Computer Science and Engineering (4 Years, Bachelor of Technology)"
259,51,"Production and Industrial Engineering (4 Years, Bachelor of Technology)"
260,51,"Textile Technology (4 Years, Bachelor of Technology)"
261,51,"Abu Dhabi Campus - Chemical Engineering (4 Years, Bachelor of Technology)"
262,51,"Engineering and Computational Mechanics (4 Years, Bachelor of Technology)"
263,51,"Materials Engineering (4 Years, Bachelor of Technology)"
264,51,"Energy Engineering (4 Years, Bachelor of Technology)"
265,51,"Chemistry (4 Years, Bachelor of Science)"
266,51,"Chemical Engineering (5 Years, Bachelor and Master of Technology (Dual Degree))"
267,51,"Computer Science and Engineering (5 Years, Bachelor and Master of Technology (Dual Degree))"
268,51,"Mathematics and Computing (5 Years, Bachelor and Master of Technology (Dual Degree))"
269,52,"Chemical Engineering (4 Years, Bachelor of Technology)"
270,52,"Civil Engineering (4 Years, Bachelor of Technology)"
271,52,"Computer Science and Engineering (4 Years, Bachelor of Technology)"
272,52,"Electrical Engineering (4 Years, Bachelor of Technology)"
273,52,"Engineering Physics (4 Years, Bachelor of Technology)"
274,52,"Mathematics and Computing (4 Years, Bachelor of Technology)"
275,52,"Mechanical Engineering (4 Years, Bachelor of Technology)"
276,52,"Metallurgical Engineering and Materials Science (4 Years, Bachelor of Technology)"
277,52,"Space Science and Engineering (4 Years, Bachelor of Technology)"
278,53,"Aerospace Engineering (4 Years, Bachelor of Technology)"
279,53,"Agricultural and Food Engineering (4 Years, Bachelor of Technology)"
280,53,"Biotechnology and Biochemical Engineering (4 Years, Bachelor of Technology)"
281,53,"Chemical Engineering (4 Years, Bachelor of Technology)"
282,53,"Civil Engineering (4 Years, Bachelor of Technology)"
283,53,"Computer Science and Engineering (4 Years, Bachelor of Technology)"
284,53,"Electrical Engineering (4 Years, Bachelor of Technology)"
285,53,"Electronics and Electrical Communication Engineering (4 Years, Bachelor of Technology)"
286,53,"Instrumentation Engineering (4 Years, Bachelor of Technology)"
287,53,"Manufacturing Science and Engineering (4 Years, Bachelor of Technology)"
288,53,"Mechanical Engineering (4 Years, Bachelor of Technology)"
289,53,"Metallurgical and Materials Engineering (4 Years, Bachelor of Technology)"
290,53,"Mining Engineering  (4 Years, Bachelor of Technology)"
291,53,"Ocean Engineering and Naval Architecture (4 Years, Bachelor of Technology)"
292,53,"Industrial and Systems Engineering (4 Years, Bachelor of Technology)"
293,53,"Artificial Intelligence (4 Years, Bachelor of Technology)"
294,53,"Chemistry (4 Years, Bachelor of Science)"
295,53,"Economics (4 Years, Bachelor of Science)"
296,53,"Physics (4 Years, Bachelor of Science)"
297,53,"Mathematics and Computing (4 Years, Bachelor of Science)"
298,53,"Applied Geology (4 Years, Bachelor of Science)"
299,53,"Exploration Geophysics (4 Years, Bachelor of Science)"
300,53,"Architecture  (5 Years, Bachelor of Architecture)"
301,54,"Chemical Engineering (4 Years, Bachelor of Technology)"
302,54,"Civil Engineering (4 Years, Bachelor of Technology)"
303,54,"Computational Engineering (4 Years, Bachelor of Technology)"
304,54,"Industrial Chemistry (4 Years, Bachelor of Technology)"
305,54,"Electrical Engineering (IC Design and Technology) (4 Years, Bachelor of Technology)"
306,54,"Computer Science and Engineering (4 Years, Bachelor of Technology)"
307,54,"Electrical Engineering (4 Years, Bachelor of Technology)"
308,54,"Engineering Physics (4 Years, Bachelor of Technology)"
309,54,"Engineering Science (4 Years, Bachelor of Technology)"
310,54,"Mathematics and Computing (4 Years, Bachelor of Technology)"
311,54,"Mechanical Engineering (4 Years, Bachelor of Technology)"
312,54,"Materials Science and Metallurgical Engineering (4 Years, Bachelor of Technology)"
313,54,"Artificial Intelligence (4 Years, Bachelor of Technology)"
314,54,"Biomedical Engineering (4 Years, Bachelor of Technology)"
315,54,"Biotechnology and Bioinformatics (4 Years, Bachelor of Technology)"
316,55,"Chemical Engineering (4 Years, Bachelor of Technology)"
317,55,"Computer Science and Engineering (4 Years, Bachelor of Technology)"
318,55,"Electrical Engineering (4 Years, Bachelor of Technology)"
319,55,"Electronics Engineering (4 Years, Bachelor of Technology)"
320,55,"Mechanical Engineering (4 Years, Bachelor of Technology)"
321,55,"Civil and Infrastructure Engineering (4 Years, Bachelor of Technology)"
322,55,"Bio Engineering (4 Years, Bachelor of Technology)"
323,55,"Artificial Intelligence and Data Science (4 Years, Bachelor of Technology)"
324,55,"Materials Engineering (4 Years, Bachelor of Technology)"
325,55,"Physics with Specialization (4 Years, Bachelor of Science)"
326,55,"Chemistry with Specialization (4 Years, Bachelor of Science)"
327,56,"Aerospace Engineering (4 Years, Bachelor of Technology)"
328,56,"Biological Sciences and Bioengineering (4 Years, Bachelor of Technology)"
329,56,"Chemical Engineering (4 Years, Bachelor of Technology)"
330,56,"Civil Engineering (4 Years, Bachelor of Technology)"
331,56,"Computer Science and Engineering (4 Years, Bachelor of Technology)"
332,56,"Electrical Engineering (4 Years, Bachelor of Technology)"
333,56,"Materials Science and Engineering (4 Years, Bachelor of Technology)"
334,56,"Mechanical Engineering (4 Years, Bachelor of Technology)"
335,56,"Chemistry (4 Years, Bachelor of Science)"
336,56,"Economics (4 Years, Bachelor of Science)"
337,56,"Mathematics and Scientific Computing (4 Years, Bachelor of Science)"
338,56,"Physics (4 Years, Bachelor of Science)"
339,56,"Earth Sciences (4 Years, Bachelor of Science)"
340,56,"Statistics and Data Science (4 Years, Bachelor of Science)"
341,57,"Aerospace Engineering (4 Years, Bachelor of Technology)"
342,57,"Chemical Engineering (4 Years, Bachelor of Technology)"
343,57,"Civil Engineering (4 Years, Bachelor of Technology)"
344,57,"Computer Science and Engineering (4 Years, Bachelor of Technology)"
345,57,"Electrical Engineering (4 Years, Bachelor of Technology)"
346,57,"Engineering Physics (4 Years, Bachelor of Technology)"
347,57,"Biological Engineering (4 Years, Bachelor of Technology)"
348,57,"Mechanical Engineering (4 Years, Bachelor of Technology)"
349,57,"Metallurgical and Materials Engineering (4 Years, Bachelor of Technology)"
350,57,"Artificial Intelligence and Data Analytics (4 Years, Bachelor of Technology)"
351,57,"Computational Engineering and Mechanics (4 Years, Bachelor of Technology)"
352,57,"Instrumentation and Biomedical Engineering (4 Years, Bachelor of Technology)"
353,57,"Naval Architecture and Ocean Engineering (4 Years, Bachelor of Technology)"
354,57,"Physics (4 Years, Bachelor of Science)"
355,57,"Biological Science (4 Years, Bachelor of Science)"
356,57,"Aerospace Engineering (5 Years, Bachelor and Master of Technology (Dual Degree))"
357,57,"Engineering Design (5 Years, Bachelor and Master of Technology (Dual Degree))"
358,58,"Chemical Engineering (4 Years, Bachelor of Technology)"
359,58,"Civil Engineering (4 Years, Bachelor of Technology)"
360,58,"Computer Science and Engineering (4 Years, Bachelor of Technology)"
361,58,"Electrical Engineering (4 Years, Bachelor of Technology)"
362,58,"Mechanical Engineering (4 Years, Bachelor of Technology)"
363,58,"Integrated Circuit Design &amp; Technology (4 Years, Bachelor of Technology)"
364,58,"Artificial Intelligence (4 Years, Bachelor of Technology)"
365,58,"Materials Engineering (4 Years, Bachelor of Technology)"
366,59,"Chemical Engineering (4 Years, Bachelor of Technology)"
367,59,"Chemical Science and Technology (4 Years, Bachelor of Technology)"
368,59,"Civil Engineering (4 Years, Bachelor of Technology)"
369,59,"Computer Science and Engineering (4 Years, Bachelor of Technology)"
370,59,"Electronics and Communication Engineering (4 Years, Bachelor of Technology)"
371,59,"Engineering Physics (4 Years, Bachelor of Technology)"
372,59,"Mathematics and Computing (4 Years, Bachelor of Technology)"
373,59,"Mechanical Engineering (4 Years, Bachelor of Technology)"
374,59,"Metallurgical and Materials Engineering (4 Years, Bachelor of Technology)"
375,59,"Electrical and Electronics Engineering (4 Years, Bachelor of Technology)"
376,59,"Artificial Intelligence and Data Science (4 Years, Bachelor of Technology)"
377,59,"Economics (4 Years, Bachelor of Science)"
378,59,"B.Tech. in Electronics and Communication Engineering and M.Tech. in Communication Systems (5 Years, Bachelor and Master of Technology (Dual Degree))"
379,59,"B.Tech (Chemical Science and Technology) - MBA in Hospital and Health Care Management (IIM Bodh Gaya) (5 Years, Bachelor of Technology and MBA (Dual Degree))"
380,59,"B.Tech (Civil Engineering) - MBA (IIM Bodh Gaya) (5 Years, Bachelor of Technology and MBA (Dual Degree))"
381,59,"B.Tech (Computer Science and Engineering) - MBA in Digital Business Management (IIM Bodh Gaya) (5 Years, Bachelor of Technology and MBA (Dual Degree))"
382,59,"B.Tech (Electronics and Communication Engineering) - MBA in Hospital and Healthcare Management (IIM Bodh Gaya) (5 Years, Bachelor of Technology and MBA (Dual Degree))"
383,59,"B.Tech (Engineering Physics) - MBA (IIM Bodh Gaya) (5 Years, Bachelor of Technology and MBA (Dual Degree))"
384,59,"B.Tech (Mathematics and Computing) - MBA in Digital Business Management (IIM Bodh Gaya) (5 Years, Bachelor of Technology and MBA (Dual Degree))"
385,59,"B.Tech (Metallurgical and Materials Engineering) - MBA (IIM Bodh Gaya) (5 Years, Bachelor of Technology and MBA (Dual Degree))"
386,59,"B.Tech (Electrical and Electronics Engineering) - MBA (IIM Bodh Gaya) (5 Years, Bachelor of Technology and MBA (Dual Degree))"
387,59,"B.Tech (Artificial Intelligence and Data Science) - MBA in Digital Business Management (IIM Bodh Gaya) (5 Years, Bachelor of Technology and MBA (Dual Degree))"
388,59,"B.Tech (Chemical Engineering) - MBA in Hospital and Health Care Management (IIM Bodh Gaya) (5 Years, Bachelor of Technology and MBA (Dual Degree))"
389,59,"B.Tech (Mechanical Engineering) - MBA (IIM Mumbai) (5 Years, Bachelor of Technology and MBA (Dual Degree))"
390,59,"B. Tech in CE. - M. Tech.  in Geotechnical Engineering (5 Years, B.Tech. + M.Tech./MS (Dual Degree))"
391,59,"B. Tech in CE. - M. Tech.  in Structural Engineering (5 Years, B.Tech. + M.Tech./MS (Dual Degree))"
392,59,"B. Tech. (CSE) and M.Tech in CSE (5 Years, B.Tech. + M.Tech./MS (Dual Degree))"
393,59,"B. Tech. (ECE) -M. Tech. in VLSI (5 Years, B.Tech. + M.Tech./MS (Dual Degree))"
394,59,"B. Tech. (EEE)-M. Tech. in (Power &amp;. Control) (5 Years, B.Tech. + M.Tech./MS (Dual Degree))"
395,59,"B. Tech. (Mathematics &amp; Computing) M. Tech. in (Mathematics &amp; Computing) (5 Years, B.Tech. + M.Tech./MS (Dual Degree))"
396,59,"B. Tech. (ME) - M. Tech. in Mechatronics (5 Years, B.Tech. + M.Tech./MS (Dual Degree))"
397,59,"BS in Economics with MBA (IIM Bodh Gaya) (5 Years, Bachelor of Science and MBA (Dual Degree))"
398,60,"Chemical Engineering (4 Years, Bachelor of Technology)"
399,60,"Civil Engineering (4 Years, Bachelor of Technology)"
400,60,"Computer Science and Engineering (4 Years, Bachelor of Technology)"
401,60,"Electrical Engineering (4 Years, Bachelor of Technology)"
402,60,"Electronics and Communication Engineering (4 Years, Bachelor of Technology)"
403,60,"Engineering Physics (4 Years, Bachelor of Technology)"
404,60,"Mechanical Engineering (4 Years, Bachelor of Technology)"
405,60,"Metallurgical and Materials Engineering (4 Years, Bachelor of Technology)"
406,60,"Production and Industrial Engineering (4 Years, Bachelor of Technology)"
407,60,"Data Science and Artificial Intelligence (4 Years, Bachelor of Technology)"
408,60,"Biosciences and Bioengineering (4 Years, Bachelor of Technology)"
409,60,"Energy Engineering (4 Years, Bachelor of Technology)"
410,60,"Architecture  (5 Years, Bachelor of Architecture)"
411,60,"Geological Technology (5 Years, Integrated Master of Technology)"
412,60,"Geophysical Technology (5 Years, Integrated Master of Technology)"
413,60,"Physics (5 Years, Bachelor of Science and Master of Science (Dual Degree))"
414,60,"Mathematics &amp; Computing (5 Years, Bachelor of Science and Master of Science (Dual Degree))"
415,60,"Chemical Sciences (5 Years, Bachelor of Science and Master of Science (Dual Degree))"
416,60,"Economics (5 Years, Bachelor of Science and Master of Science (Dual Degree))"
417,61,"Chemical Engineering (4 Years, Bachelor of Technology)"
418,61,"Civil Engineering (4 Years, Bachelor of Technology)"
419,61,"Computer Science and Engineering (4 Years, Bachelor of Technology)"
420,61,"Electrical Engineering (4 Years, Bachelor of Technology)"
421,61,"Electronics and Communication Engineering (4 Years, Bachelor of Technology)"
422,61,"Engineering Physics (4 Years, Bachelor of Technology)"
423,61,"Environmental Engineering (4 Years, Bachelor of Technology)"
424,61,"Mathematics and Computing (4 Years, Bachelor of Technology)"
425,61,"Mechanical Engineering (4 Years, Bachelor of Technology)"
426,61,"Mining Engineering  (4 Years, Bachelor of Technology)"
427,61,"Mining Machinery Engineering (4 Years, Bachelor of Technology)"
428,61,"Petroleum Engineering (4 Years, Bachelor of Technology)"
429,61,"Mineral and Metallurgical Engineering (4 Years, Bachelor of Technology)"
430,61,"Applied Geology (5 Years, Integrated Master of Technology)"
431,61,"Applied Geophysics (5 Years, Integrated Master of Technology)"
432,61,"B.Tech Mining Engineering and MBA in Logistic and Supply Chain Management (IIM Mumbai) (5 Years, Integrated B. Tech. and MBA)"
433,61,"Physical Science (5 Years, Integrated Bachelor of Science-Master of Science)"
434,61,"Chemical  Science (5 Years, Integrated Bachelor of Science-Master of Science)"
435,62,"Chemical Engineering (4 Years, Bachelor of Technology)"
436,62,"Civil Engineering (4 Years, Bachelor of Technology)"
437,62,"Computer Science and Engineering (4 Years, Bachelor of Technology)"
438,62,"Electrical Engineering (4 Years, Bachelor of Technology)"
439,62,"Engineering Physics (4 Years, Bachelor of Technology)"
440,62,"Artificial Intelligence and Data Engineering (4 Years, Bachelor of Technology)"
441,62,"Mathematics and Computing (4 Years, Bachelor of Technology)"
442,62,"Mechanical Engineering (4 Years, Bachelor of Technology)"
443,62,"Metallurgical and Materials Engineering (4 Years, Bachelor of Technology)"
444,62,"Digital Agriculture (4 Years, Bachelor of Technology)"
445,62,"Electrical Engineering (Integrated Circuit Design and Technology) (4 Years, Bachelor of Technology)"
446,63,"Ceramic Engineering (4 Years, Bachelor of Technology)"
447,63,"Chemical Engineering (4 Years, Bachelor of Technology)"
448,63,"Civil Engineering (4 Years, Bachelor of Technology)"
449,63,"Industrial Chemistry (4 Years, Bachelor of Technology)"
450,63,"Computer Science and Engineering (4 Years, Bachelor of Technology)"
451,63,"Electrical Engineering (4 Years, Bachelor of Technology)"
452,63,"Electronics Engineering (4 Years, Bachelor of Technology)"
453,63,"Engineering Physics (4 Years, Bachelor of Technology)"
454,63,"Mathematics and Computing (4 Years, Bachelor of Technology)"
455,63,"Mechanical Engineering (4 Years, Bachelor of Technology)"
456,63,"Metallurgical Engineering (4 Years, Bachelor of Technology)"
457,63,"Biochemical Engineering (4 Years, Bachelor of Technology)"
458,63,"Bioengineering (4 Years, Bachelor of Technology)"
459,63,"Materials Science and Technology (4 Years, Bachelor of Technology)"
460,63,"Mining Engineering  (4 Years, Bachelor of Technology)"
461,63,"Pharmaceutical Engineering &amp; Technology (4 Years, Bachelor of Technology)"
462,63,"Architecture  (5 Years, Bachelor of Architecture)"
463,64,"Chemical Engineering (4 Years, Bachelor of Technology)"
464,64,"Chemical Science and Technology (4 Years, Bachelor of Technology)"
465,64,"Civil Engineering (4 Years, Bachelor of Technology)"
466,64,"Computer Science and Engineering (4 Years, Bachelor of Technology)"
467,64,"Electronics and Communication Engineering (4 Years, Bachelor of Technology)"
468,64,"Electronics and Electrical Engineering (4 Years, Bachelor of Technology)"
469,64,"Engineering Physics (4 Years, Bachelor of Technology)"
470,64,"Mathematics and Computing (4 Years, Bachelor of Technology)"
471,64,"Mechanical Engineering (4 Years, Bachelor of Technology)"
472,64,"Data Science and Artificial Intelligence (4 Years, Bachelor of Technology)"
473,64,"Biosciences and Bioengineering (4 Years, Bachelor of Technology)"
474,64,"Energy Engineering (4 Years, Bachelor of Technology)"
475,65,"Computer Science and Engineering (4 Years, Bachelor of Technology)"
476,65,"Electrical Engineering (4 Years, Bachelor of Technology)"
477,65,"Electronics and Communication Engineering (4 Years, Bachelor of Technology)"
478,65,"Mechanical Engineering (4 Years, Bachelor of Technology)"
479,65,"Materials Science and Metallurgical Engineering (4 Years, Bachelor of Technology)"
480,65,"Mechatronics Engineering (4 Years, Bachelor of Technology)"
481,65,"Data Science and Artificial Intelligence (4 Years, Bachelor of Technology)"
482,66,"Computer Science and Engineering (4 Years, Bachelor of Technology)"
483,66,"Electrical Engineering (4 Years, Bachelor of Technology)"
484,66,"Mathematics and Computing (4 Years, Bachelor of Technology)"
485,66,"Mechanical Engineering (4 Years, Bachelor of Technology)"
486,67,"Civil Engineering (4 Years, Bachelor of Technology)"
487,67,"Computer Science and Engineering (4 Years, Bachelor of Technology)"
488,67,"Electrical Engineering (4 Years, Bachelor of Technology)"
489,67,"Mechanical Engineering (4 Years, Bachelor of Technology)"
490,67,"Data Science and Engineering (4 Years, Bachelor of Technology)"
491,68,"Chemical Engineering (4 Years, Bachelor of Technology)"
492,68,"Civil Engineering (4 Years, Bachelor of Technology)"
493,68,"Computer Science and Engineering (4 Years, Bachelor of Technology)"
494,68,"Electrical Engineering (4 Years, Bachelor of Technology)"
495,68,"Engineering Physics (4 Years, Bachelor of Technology)"
496,68,"Mechanical Engineering (4 Years, Bachelor of Technology)"
497,69,"Chemical Engineering (4 Years, Bachelor of Technology)"
498,69,"Civil Engineering (4 Years, Bachelor of Technology)"
499,69,"Computer Science and Engineering (4 Years, Bachelor of Technology)"
500,69,"Electrical Engineering (4 Years, Bachelor of Technology)"
501,69,"Engineering Physics (4 Years, Bachelor of Technology)"
502,69,"Mathematics and Computing (4 Years, Bachelor of Technology)"
503,69,"Mechanical Engineering (4 Years, Bachelor of Technology)"
504,69,"Materials Engineering (4 Years, Bachelor of Technology)"
505,70,"Chemical and Biochemical Engineering (4 Years, Bachelor of Technology)"
506,70,"Computer Science and Engineering (4 Years, Bachelor of Technology)"
507,70,"Electronics and Communication Engineering (4 Years, Bachelor of Technology)"
508,70,"Engineering Physics (4 Years, Bachelor of Technology)"
509,70,"Mathematics and Computing (4 Years, Bachelor of Technology)"
510,70,"Mechanical Engineering (4 Years, Bachelor of Technology)"
511,70,"Civil and Infrastructure Engineering (4 Years, Bachelor of Technology)"
512,70,"Electrical and Electronics Engineering (4 Years, Bachelor of Technology)"
513,70,"Interdisciplinary Sciences (5 Years, Bachelor of Science and Master of Science (Dual Degree))"
514,71,"Computer Science and Engineering (4 Years, Bachelor of Technology)"
515,71,"Mathematics and Scientific Computing (4 Years, Bachelor of Technology)"
516,71,"Electrical and Electronics Engineering (4 Years, Bachelor of Technology)"
517,71,"Integrated B. Tech.(IT) and M. Tech (IT) (5 Years, Integrated B. Tech. and M. Tech.)"
518,71,"Integrated B. Tech.(IT) and MBA (5 Years, Integrated B. Tech. and MBA)"
519,72,"Computer Science and Engineering (4 Years, Bachelor of Technology)"
520,72,"Electronics and Communication Engineering (4 Years, Bachelor of Technology)"
521,72,"Artificial Intelligence and Data Engineering (4 Years, Bachelor of Technology)"
522,73,"Computer Science and Engineering (4 Years, Bachelor of Technology)"
523,73,"Electronics and Communication Engineering (4 Years, Bachelor of Technology)"
524,74,"Computer Science and Engineering (Cyber Security) (4 Years, Bachelor of Technology)"
525,74,"Computer Science and Engineering (4 Years, Bachelor of Technology)"
526,74,"Electronics and Communication Engineering (4 Years, Bachelor of Technology)"
527,74,"Computer Science and Engineering ( Artificial Intelligence &amp; Data Science) (4 Years, Bachelor of Technology)"
528,75,"Computer Science and Engineering (4 Years, Bachelor of Technology)"
529,75,"CSE ( Data Science &amp; Analytics) (4 Years, Bachelor of Technology)"
530,75,"Information Technology (4 Years, Bachelor of Technology)"
531,76,"Computer Science and Engineering (Cyber Security) (4 Years, Bachelor of Technology)"
532,76,"Computer Science and Engineering (4 Years, Bachelor of Technology)"
533,76,"Electronics and Communication Engineering (4 Years, Bachelor of Technology)"
534,76,"Computer Science and Engineering (Data Science) (4 Years, Bachelor of Technology)"
535,77,"Computer Science and Engineering (4 Years, Bachelor of Technology)"
536,77,"Electronics and Communication Engineering (4 Years, Bachelor of Technology)"
537,77,"Artificial Intelligence and Data Science (4 Years, Bachelor of Technology)"
538,78,"Computer Science and Engineering (4 Years, Bachelor of Technology)"
539,78,"Electronics and Communication Engineering (4 Years, Bachelor of Technology)"
540,78,"Information Technology (4 Years, Bachelor of Technology)"
541,78,"Artificial Intelligence (4 Years, Bachelor of Technology)"
542,79,"Electronics and Communication Engineering (4 Years, Bachelor of Technology)"
543,79,"Information Technology (4 Years, Bachelor of Technology)"
544,79,"Information Technology-Business Informatics (4 Years, Bachelor of Technology)"
545,80,"Computer Science and Engineering (4 Years, Bachelor of Technology)"
546,80,"Electronics and Communication Engineering (4 Years, Bachelor of Technology)"
547,80,"Engineering Physics (4 Years, Bachelor of Technology)"
548,80,"Mechanical Engineering (4 Years, Bachelor of Technology)"
549,80,"Design Engineering (4 Years, Bachelor of Technology)"
550,80,"Smart Manufacturing (4 Years, Bachelor of Technology)"
551,80,"Computer Science and Engineering with Major in Artificial Intelligence (4 Years, Bachelor of Technology)"
552,80,"Computer Science and Engineering (5 Years, Bachelor and Master of Technology (Dual Degree))"
553,80,"B.Tech. in Electronics and Communication Engineering and M.Tech. in Communication Systems (5 Years, Bachelor and Master of Technology (Dual Degree))"
554,80,"B.Tech. in Electronics and Communication Engineering and M.Tech. in Microelectronics and VLSI Systems (5 Years, Bachelor and Master of Technology (Dual Degree))"
555,80,"B.Tech in Mechanical Engineering and M.Tech in AI and Robotics (5 Years, B.Tech. + M.Tech./MS (Dual Degree))"
556,81,"Computer Science and Engineering (4 Years, Bachelor of Technology)"
557,81,"Electronics and Communication Engineering (4 Years, Bachelor of Technology)"
558,81,"Mechanical Engineering (4 Years, Bachelor of Technology)"
559,81,"Smart Manufacturing (4 Years, Bachelor of Technology)"
560,82,"Electronics and Communication Engineering with specialization in VLSI and Embedded Systems (4 Years, Bachelor of Technology)"
561,82,"Computer Science and Engineering with specialization in Artificial Intelligence and Data Science (4 Years, Bachelor of Technology)"
562,82,"Computer Science and Engineering (4 Years, Bachelor of Technology)"
563,82,"Electronics and Communication Engineering (4 Years, Bachelor of Technology)"
564,82,"Computer Science and Engineering with specialization in Quantum Technologies (4 Years, Bachelor of Technology)"
565,82,"Computer Science and Engineering with specialization in Cyber Security(4 Years, Bachelor of Technology)"
566,83,"Computer Science and Engineering (4 Years, Bachelor of Technology)"
567,83,"Electronics and Communication Engineering (4 Years, Bachelor of Technology)"
568,83,"Computer Science and Engineering ( Artificial Intelligence &amp; Data Science) (4 Years, Bachelor of Technology)"
569,83,"Electronics and Communication Engineering (VLSI Design) (4 Years, Bachelor of Technology)"
570,84,"Computer Science and Business (4 Years, Bachelor of Technology)"
571,84,"Information Technology (4 Years, Bachelor of Technology)"
572,84,"Computer Science (4 Years, Bachelor of Technology)"
573,84,"Computer Science and Artificial Intelligence (4 Years, Bachelor of Technology)"
574,85,"Computer Science and Engineering (4 Years, Bachelor of Technology)"
575,85,"Electronics and Communication Engineering (4 Years, Bachelor of Technology)"
576,85,"Data Science and Artificial Intelligence (4 Years, Bachelor of Technology)"
577,86,"Computer Science and Engineering (4 Years, Bachelor of Technology)"
578,86,"Electronics and Communication Engineering with specialization in Design and Manufacturing (4 Years, Bachelor of Technology)"
579,86,"Mechanical Engineering with specialization in Design and Manufacturing (4 Years, Bachelor of Technology)"
580,86,"Artificial Intelligence and Data Science (4 Years, Bachelor of Technology)"
581,86,"Computer Science and Engineering (5 Years, Bachelor and Master of Technology (Dual Degree))"
582,86,"Mechanical Engineering (5 Years, Bachelor and Master of Technology (Dual Degree))"
583,86,"Electronics and Communication Engineering (5 Years, Bachelor and Master of Technology (Dual Degree))"
584,87,"Computer Science and Engineering with specialization in Artificial Intelligence and Data Science (4 Years, Bachelor of Technology)"
585,87,"Computer Science and Engineering (4 Years, Bachelor of Technology)"
586,87,"Electronics and Communication Engineering (4 Years, Bachelor of Technology)"
587,87,"Computer Science and Engineering with specialization in Cyber Security(4 Years, Bachelor of Technology)"
588,88,"Computer Science and Engineering (4 Years, Bachelor of Technology)"
589,88,"Electronics and Communication Engineering (4 Years, Bachelor of Technology)"
590,88,"B.Tech in Mathematics and Computing (4 Years, Bachelor of Technology)"
591,88,"Electronics and Communication Engineering (with Specialization of Embedded Systems and Internet of Things) (4 Years, B. Tech / B. Tech (Hons.))"
592,88,"Computer Science and Engineering (with Specialization of Data Science and Artificial Intelligence) (4 Years, B. Tech / B. Tech (Hons.))"
593,89,"Computer Science Engineering (Artificial lntelligence and Machine Learning) (4 Years, Bachelor of Technology)"
594,89,"Computer Science Engineering (Data Science and Analytics) (4 Years, Bachelor of Technology)"
595,89,"Computer Science Engineering (Human Computer lnteraction and Gaming Technology) (4 Years, Bachelor of Technology)"
596,89,"Electronics and Communication Engineering (Internet of Things) (4 Years, Bachelor of Technology)"
597,89,"Computer Science and Engineering (4 Years, Bachelor of Technology)"
598,89,"Electronics and Communication Engineering (4 Years, Bachelor of Technology)"
599,90,"Computer Science and Engineering (4 Years, Bachelor of Technology)"
600,90,"Electronics and Communication Engineering (4 Years, Bachelor of Technology)"
601,91,"Computer Science and Engineering (4 Years, Bachelor of Technology)"
602,91,"Electronics and Communication Engineering (4 Years, Bachelor of Technology)"
603,91,"Mechatronics and Automation Engineering (4 Years, Bachelor of Technology)"
604,91,"Mathematics and Computing (4 Years, Bachelor of Technology)"
605,92,"Computer Science and Engineering (Cyber Security) (4 Years, Bachelor of Technology)"
606,92,"Computer Science and Engineering (4 Years, Bachelor of Technology)"
607,92,"Electronics and Communication Engineering (4 Years, Bachelor of Technology)"
608,92,"B.Tech in Mathematics and Computing (4 Years, Bachelor of Technology)"
609,92,"Computer Science and Engineering (Cyber Physical System) (4 Years, Bachelor of Technology)"
610,92,"Computer Science and Engineering (Data Science) (4 Years, Bachelor of Technology)"
611,92,"Computer Science and Engineering (Artificial Intelligence) (4 Years, Bachelor of Technology)"
612,92,"Physics and Computational Engineering (4 Years, Bachelor of Technology)"
613,92,"Information Technology (4 Years, Bachelor of Technology)"
614,93,"Computer Science and Engineering (Cyber Security) (4 Years, Bachelor of Technology)"
615,93,"Computer Science and Engineering (Artificial Intelligence and Machine Learning) (4 Years, Bachelor of Technology)"
616,93,"Computer Science and Engineering (4 Years, Bachelor of Technology)"
617,93,"Electronics and Communication Engineering (4 Years, Bachelor of Technology)"
618,94,"Computer Science and Engineering (4 Years, Bachelor of Technology)"
619,95,"Computer Science and Engineering (4 Years, Bachelor of Technology)"
620,95,"Mathematics and Computing (4 Years, Bachelor of Technology)"
621,95,"Artificial Intelligence and Data Science (4 Years, Bachelor of Technology)"
622,96,"Computer Science and Engineering (4 Years, Bachelor of Technology)"
623,96,"Electronics and Communication Engineering (4 Years, Bachelor of Technology)"
624,96,"Artificial Intelligence (4 Years, Bachelor of Technology)"
625,97,"Bio Technology (4 Years, Bachelor of Technology)"
626,97,"Chemical Engineering (4 Years, Bachelor of Technology)"
627,97,"Civil Engineering (4 Years, Bachelor of Technology)"
628,97,"Electronics and VLSI Engineering (4 Years, Bachelor of Technology)"
629,97,"Computer Science and Engineering (4 Years, Bachelor of Technology)"
630,97,"Electrical Engineering (4 Years, Bachelor of Technology)"
631,97,"Electronics and Communication Engineering (4 Years, Bachelor of Technology)"
632,97,"Mathematics and Computing (4 Years, Bachelor of Technology)"
633,97,"Mechanical Engineering (4 Years, Bachelor of Technology)"
634,97,"Textile Technology (4 Years, Bachelor of Technology)"
635,97,"Information Technology (4 Years, Bachelor of Technology)"
636,97,"Instrumentation and Control Engineering (4 Years, Bachelor of Technology)"
637,97,"Industrial and Production Engineering (4 Years, Bachelor of Technology)"
638,97,"Data Science and Engineering (4 Years, Bachelor of Technology)"
639,98,"Chemical Engineering (4 Years, Bachelor of Technology)"
640,98,"Civil Engineering (4 Years, Bachelor of Technology)"
641,98,"Computer Science and Engineering (4 Years, Bachelor of Technology)"
642,98,"Electrical Engineering (4 Years, Bachelor of Technology)"
643,98,"Electronics and Communication Engineering (4 Years, Bachelor of Technology)"
644,98,"Artificial Intelligence and Data Engineering (4 Years, Bachelor of Technology)"
645,98,"Mechanical Engineering (4 Years, Bachelor of Technology)"
646,98,"Metallurgical and Materials Engineering (4 Years, Bachelor of Technology)"
647,98,"Architecture  (5 Years, Bachelor of Architecture)"
648,99,"Chemical Engineering (4 Years, Bachelor of Technology)"
649,99,"Civil Engineering (4 Years, Bachelor of Technology)"
650,99,"Computer Science and Engineering (4 Years, Bachelor of Technology)"
651,99,"Electrical Engineering (4 Years, Bachelor of Technology)"
652,99,"Electronics and Communication Engineering (4 Years, Bachelor of Technology)"
653,99,"Mechanical Engineering (4 Years, Bachelor of Technology)"
654,99,"Energy and Electrical Vehicle Engineering (4 Years, Bachelor of Technology)"
655,99,"Materials Science and Metallurgical Engineering (4 Years, Bachelor of Technology)"
656,99,"Planning (4 Years, Bachelor of Planning)"
657,99,"Architecture  (5 Years, Bachelor of Architecture)"
658,99,"Mathematics and Data Science (5 Years, Bachelor and Master of Technology (Dual Degree))"
659,99,"B. Tech. and M. Tech. in Engineering and Computational Mechanics (Dual Degree) (5 Years, Bachelor and Master of Technology (Dual Degree))"
660,100,"Bio Technology (4 Years, Bachelor of Technology)"
661,100,"Chemical Engineering (4 Years, Bachelor of Technology)"
662,100,"Civil Engineering (4 Years, Bachelor of Technology)"
663,100,"Computer Science and Engineering (4 Years, Bachelor of Technology)"
664,100,"Electrical Engineering (4 Years, Bachelor of Technology)"
665,100,"Electronics and Communication Engineering (4 Years, Bachelor of Technology)"
666,100,"Mechanical Engineering (4 Years, Bachelor of Technology)"
667,100,"Materials Engineering (4 Years, Bachelor of Technology)"
668,100,"Production and Industrial Engineering (4 Years, Bachelor of Technology)"
669,100,"Engineering and Computational Mechanics (4 Years, Bachelor of Technology)"
670,101,"Biotechnology and Biochemical Engineering (4 Years, Bachelor of Technology)"
671,101,"Chemical Engineering (4 Years, Bachelor of Technology)"
672,101,"Civil Engineering (4 Years, Bachelor of Technology)"
673,101,"Computer Science and Engineering (4 Years, Bachelor of Technology)"
674,101,"Electrical Engineering (4 Years, Bachelor of Technology)"
675,101,"Electronics and Communication Engineering (4 Years, Bachelor of Technology)"
676,101,"Mechanical Engineering (4 Years, Bachelor of Technology)"
677,101,"Electronics and Instrumentation Engineering (4 Years, Bachelor of Technology)"
678,101,"Production Engineering (4 Years, Bachelor of Technology)"
679,101,"Computational Mathematics (5 Years, Bachelor and Master of Technology (Dual Degree))"
680,101,"Engineering Physics (5 Years, Bachelor and Master of Technology (Dual Degree))"
681,101,"Physics (5 Years, Bachelor of Science and Master of Science (Dual Degree))"
682,101,"Chemistry (5 Years, Bachelor of Science and Master of Science (Dual Degree))"
683,101,"Mathematics &amp; Computing (5 Years, Bachelor of Science and Master of Science (Dual Degree))"
684,102,"Bio Technology (4 Years, Bachelor of Technology)"
685,102,"Chemical Engineering (4 Years, Bachelor of Technology)"
686,102,"Civil Engineering (4 Years, Bachelor of Technology)"
687,102,"Computer Science and Engineering (4 Years, Bachelor of Technology)"
688,102,"Electronics and Communication Engineering (4 Years, Bachelor of Technology)"
689,102,"Engineering Physics (4 Years, Bachelor of Technology)"
690,102,"Materials Science and Engineering (4 Years, Bachelor of Technology)"
691,102,"Mechanical Engineering (4 Years, Bachelor of Technology)"
692,102,"Electrical and Electronics Engineering (4 Years, Bachelor of Technology)"
693,102,"Production Engineering (4 Years, Bachelor of Technology)"
694,102,"Energy Engineering (4 Years, Bachelor of Technology)"
695,102,"Architecture  (5 Years, Bachelor of Architecture)"
696,103,"Aerospace Engineering (4 Years, Bachelor of Technology)"
697,103,"Civil Engineering (4 Years, Bachelor of Technology)"
698,103,"Computer Science and Engineering (4 Years, Bachelor of Technology)"
699,103,"Electrical Engineering (4 Years, Bachelor of Technology)"
700,103,"Electronics and Communication Engineering (4 Years, Bachelor of Technology)"
701,103,"VLSI Design and Technology (4 Years, Bachelor of Technology)"
702,103,"Mechanical Engineering (4 Years, Bachelor of Technology)"
703,103,"Artificial Intelligence and Data Science (4 Years, Bachelor of Technology)"
704,104,"Bio Technology (4 Years, Bachelor of Technology)"
705,104,"Chemical Engineering (4 Years, Bachelor of Technology)"
706,104,"Civil Engineering (4 Years, Bachelor of Technology)"
707,104,"Computer Science and Engineering (4 Years, Bachelor of Technology)"
708,104,"Electrical Engineering (4 Years, Bachelor of Technology)"
709,104,"Electronics and Communication Engineering (4 Years, Bachelor of Technology)"
710,104,"B.Tech in Mathematics and Computing (4 Years, Bachelor of Technology)"
711,104,"Mechanical Engineering (4 Years, Bachelor of Technology)"
712,104,"Metallurgical and Materials Engineering (4 Years, Bachelor of Technology)"
713,104,"Chemical Engineering (5 Years, Bachelor and Master of Technology (Dual Degree))"
714,104,"Biotechnology (5 Years, Bachelor and Master of Technology (Dual Degree))"
715,104,"Chemistry (5 Years, Integrated Master of Science)"
716,105,"Civil Engineering (4 Years, Bachelor of Technology)"
717,105,"Computer Science and Engineering (4 Years, Bachelor of Technology)"
718,105,"Electronics and Communication Engineering (4 Years, Bachelor of Technology)"
719,105,"Mechanical Engineering (4 Years, Bachelor of Technology)"
720,105,"Electrical and Electronics Engineering (4 Years, Bachelor of Technology)"
721,106,"Chemical Engineering (4 Years, Bachelor of Technology)"
722,106,"Civil Engineering (4 Years, Bachelor of Technology)"
723,106,"Computer Science and Engineering (4 Years, Bachelor of Technology)"
724,106,"Electrical Engineering (4 Years, Bachelor of Technology)"
725,106,"Electronics and Communication Engineering (4 Years, Bachelor of Technology)"
726,106,"Engineering Physics (4 Years, Bachelor of Technology)"
727,106,"Materials Science and Engineering (4 Years, Bachelor of Technology)"
728,106,"Mathematics and Computing (4 Years, Bachelor of Technology)"
729,106,"Mechanical Engineering (4 Years, Bachelor of Technology)"
730,106,"Architecture  (5 Years, Bachelor of Architecture)"
731,106,"Computer Science and Engineering (5 Years, Bachelor and Master of Technology (Dual Degree))"
732,106,"Electronics and Communication Engineering (5 Years, Bachelor and Master of Technology (Dual Degree))"
733,107,"Chemical Engineering (4 Years, Bachelor of Technology)"
734,107,"Civil Engineering (4 Years, Bachelor of Technology)"
735,107,"Computational and Data Science (4 Years, Bachelor of Technology)"
736,107,"Computer Science and Engineering (4 Years, Bachelor of Technology)"
737,107,"Electronics and Communication Engineering (4 Years, Bachelor of Technology)"
738,107,"Mechanical Engineering (4 Years, Bachelor of Technology)"
739,107,"Metallurgical and Materials Engineering (4 Years, Bachelor of Technology)"
740,107,"Mining Engineering  (4 Years, Bachelor of Technology)"
741,107,"Electrical and Electronics Engineering (4 Years, Bachelor of Technology)"
742,107,"Information Technology (4 Years, Bachelor of Technology)"
743,107,"Artificial Intelligence (4 Years, Bachelor of Technology)"
744,108,"Civil Engineering (4 Years, Bachelor of Technology)"
745,108,"Computer Science and Engineering (4 Years, Bachelor of Technology)"
746,108,"Electronics and Communication Engineering (4 Years, Bachelor of Technology)"
747,108,"Mechanical Engineering (4 Years, Bachelor of Technology)"
748,108,"Electrical and Electronics Engineering (4 Years, Bachelor of Technology)"
749,109,"Civil Engineering (4 Years, Bachelor of Technology)"
750,109,"Computer Science and Engineering (4 Years, Bachelor of Technology)"
751,109,"Electronics and Communication Engineering (4 Years, Bachelor of Technology)"
752,109,"Mechanical Engineering (4 Years, Bachelor of Technology)"
753,109,"Electronics and Instrumentation Engineering (4 Years, Bachelor of Technology)"
754,109,"Electrical and Electronics Engineering (4 Years, Bachelor of Technology)"
755,110,"Civil Engineering (4 Years, Bachelor of Technology)"
756,110,"Computer Science and Engineering (4 Years, Bachelor of Technology)"
757,110,"Electrical Engineering (4 Years, Bachelor of Technology)"
758,110,"Electronics and Communication Engineering (4 Years, Bachelor of Technology)"
759,110,"Mechatronics and Automation Engineering (4 Years, Bachelor of Technology)"
760,110,"Electronics Engineering (VLSI Design and Technology) (4 Years, Bachelor of Technology)"
761,110,"Mechanical Engineering (4 Years, Bachelor of Technology)"
762,110,"Artificial Intelligence and Data Science (4 Years, Bachelor of Technology)"
763,110,"Architecture  (5 Years, Bachelor of Architecture)"
764,110,"Computer Science and Engineering with Specialization in Data Science (5 Years, Bachelor and Master of Technology (Dual Degree))"
765,110,"Computer Science and Engineering with Specialization in Cyber Security (5 Years, Bachelor and Master of Technology (Dual Degree))"
766,110,"Electronics and Communication Engineering with Specialization in Microelectronics and VLSI System Design (5 Years, Bachelor and Master of Technology (Dual Degree))"
767,110,"Electrical Engineering with Specialization In Power System Engineering (5 Years, Bachelor and Master of Technology (Dual Degree))"
768,110,"Mechanical Engineering with Specialization in Manufacturing and Industrial Engineering (5 Years, Bachelor and Master of Technology (Dual Degree))"
769,110,"Civil Engineering with Specialization in Construction Technology and Management (5 Years, Bachelor and Master of Technology (Dual Degree))"
770,110,"Material Science and Engineering (5 Years, Bachelor and Master of Technology (Dual Degree))"
771,110,"Mathematics and Computing Technology (5 Years, Bachelor and Master of Technology (Dual Degree))"
772,110,"Chemical Technology (5 Years, Bachelor and Master of Technology (Dual Degree))"
773,111,"Civil Engineering (4 Years, Bachelor of Technology)"
774,111,"Computer Science and Engineering (4 Years, Bachelor of Technology)"
775,111,"Electronics and Communication Engineering (4 Years, Bachelor of Technology)"
776,111,"Mechanical Engineering (4 Years, Bachelor of Technology)"
777,111,"Electrical and Electronics Engineering (4 Years, Bachelor of Technology)"
778,112,"Bio Technology (4 Years, Bachelor of Technology)"
779,112,"Chemical Engineering (4 Years, Bachelor of Technology)"
780,112,"Civil Engineering (4 Years, Bachelor of Technology)"
781,112,"Computer Science and Engineering (4 Years, Bachelor of Technology)"
782,112,"Electrical Engineering (4 Years, Bachelor of Technology)"
783,112,"Electronics and Communication Engineering (4 Years, Bachelor of Technology)"
784,112,"Mechanical Engineering (4 Years, Bachelor of Technology)"
785,112,"Metallurgical and Materials Engineering (4 Years, Bachelor of Technology)"
786,112,"Mining Engineering  (4 Years, Bachelor of Technology)"
787,112,"Information Technology (4 Years, Bachelor of Technology)"
788,112,"Bio Medical Engineering (4 Years, Bachelor of Technology)"
789,112,"Architecture  (5 Years, Bachelor of Architecture)"
790,113,"Civil Engineering (4 Years, Bachelor of Technology)"
791,113,"Artificial Intelligence and Machine Learning (4 Years, Bachelor of Technology)"
792,113,"Computer Science and Engineering (4 Years, Bachelor of Technology)"
793,113,"Electronics and Communication Engineering (4 Years, Bachelor of Technology)"
794,113,"Mechanical Engineering (4 Years, Bachelor of Technology)"
795,113,"Electrical and Electronics Engineering (4 Years, Bachelor of Technology)"
796,114,"Civil Engineering (4 Years, Bachelor of Technology)"
797,114,"Computer Science and Engineering (4 Years, Bachelor of Technology)"
798,114,"Electrical Engineering (4 Years, Bachelor of Technology)"
799,114,"Electronics and Communication Engineering (4 Years, Bachelor of Technology)"
800,114,"Mechanical Engineering (4 Years, Bachelor of Technology)"
801,114,"Biosciences and Bioengineering (4 Years, Bachelor of Technology)"
802,115,"Civil Engineering (4 Years, Bachelor of Technology)"
803,115,"Computer Science and Engineering (4 Years, Bachelor of Technology)"
804,115,"Electrical Engineering (4 Years, Bachelor of Technology)"
805,115,"Electronics and Communication Engineering (4 Years, Bachelor of Technology)"
806,115,"Mechanical Engineering (4 Years, Bachelor of Technology)"
807,115,"Metallurgical and Materials Engineering (4 Years, Bachelor of Technology)"
808,115,"Production and Industrial Engineering (4 Years, Bachelor of Technology)"
809,115,"Engineering and Computational Mechanics (4 Years, Bachelor of Technology)"
810,116,"Civil Engineering (4 Years, Bachelor of Technology)"
811,116,"Artificial Intelligence and Machine Learning (4 Years, Bachelor of Technology)"
812,116,"Computer Science and Engineering (4 Years, Bachelor of Technology)"
813,116,"Electrical Engineering (4 Years, Bachelor of Technology)"
814,116,"Electronics and Communication Engineering (4 Years, Bachelor of Technology)"
815,116,"Industrial Internet of Things (4 Years, Bachelor of Technology)"
816,116,"Mathematics and Computing (4 Years, Bachelor of Technology)"
817,116,"Mechanical Engineering (4 Years, Bachelor of Technology)"
818,116,"ROBOTICS &amp; AUTOMATION (4 Years, Bachelor of Technology)"
819,116,"Microelectronics &amp; VLSI Engineering (4 Years, Bachelor of Technology)"
820,116,"SUSTAINABLE ENERGY TECHNOLOGIES (4 Years, Bachelor of Technology)"
821,116,"Production and Industrial Engineering (4 Years, Bachelor of Technology)"
822,116,"Information Technology (4 Years, Bachelor of Technology)"
823,116,"Artificial Intelligence and Data Science (4 Years, Bachelor of Technology)"
824,116,"Architecture  (5 Years, Bachelor of Architecture)"
825,116,"Civil Engineering (5 Years, Bachelor and Master of Technology (Dual Degree))"
826,116,"Computer Science and Engineering (5 Years, Bachelor and Master of Technology (Dual Degree))"
827,116,"Electrical Engineering (5 Years, Bachelor and Master of Technology (Dual Degree))"
828,116,"Mechanical Engineering (5 Years, Bachelor and Master of Technology (Dual Degree))"
829,116,"Electronics and Communication Engineering (5 Years, Bachelor and Master of Technology (Dual Degree))"
830,117,"Civil Engineering (4 Years, Bachelor of Technology)"
831,117,"Computer Science and Engineering (4 Years, Bachelor of Technology)"
832,117,"Electrical Engineering (4 Years, Bachelor of Technology)"
833,117,"Electronics and Communication Engineering (4 Years, Bachelor of Technology)"
834,117,"Mechanical Engineering (4 Years, Bachelor of Technology)"
835,118,"Chemical Science and Technology (4 Years, Bachelor of Technology)"
836,118,"Civil Engineering (4 Years, Bachelor of Technology)"
837,118,"Computer Science and Engineering (4 Years, Bachelor of Technology)"
838,118,"Electrical Engineering (4 Years, Bachelor of Technology)"
839,118,"Electronics and Communication Engineering (4 Years, Bachelor of Technology)"
840,118,"Mathematics and Computing (4 Years, Bachelor of Technology)"
841,118,"Mechanical Engineering (4 Years, Bachelor of Technology)"
842,119,"Bio Technology (4 Years, Bachelor of Technology)"
843,119,"Ceramic Engineering (4 Years, Bachelor of Technology)"
844,119,"Chemical Engineering (4 Years, Bachelor of Technology)"
845,119,"Civil Engineering (4 Years, Bachelor of Technology)"
846,119,"Computer Science and Engineering (4 Years, Bachelor of Technology)"
847,119,"Electrical Engineering (4 Years, Bachelor of Technology)"
848,119,"Electronics and Communication Engineering (4 Years, Bachelor of Technology)"
849,119,"Mechanical Engineering (4 Years, Bachelor of Technology)"
850,119,"Metallurgical and Materials Engineering (4 Years, Bachelor of Technology)"
851,119,"Mining Engineering  (4 Years, Bachelor of Technology)"
852,119,"Electronics and Instrumentation Engineering (4 Years, Bachelor of Technology)"
853,119,"Bio Medical Engineering (4 Years, Bachelor of Technology)"
854,119,"Industrial Design (4 Years, Bachelor of Technology)"
855,119,"Food Process Engineering (4 Years, Bachelor of Technology)"
856,119,"Artificial Intelligence (4 Years, Bachelor of Technology)"
857,119,"Architecture  (5 Years, Bachelor of Architecture)"
858,119,"Chemical Engineering (5 Years, Bachelor and Master of Technology (Dual Degree))"
859,119,"Metallurgical and Materials Engineering (5 Years, Bachelor and Master of Technology (Dual Degree))"
860,119,"Mining Engineering (5 Years, Bachelor and Master of Technology (Dual Degree))"
861,119,"Ceramic Engineering and M.Tech Industrial Ceramic (5 Years, Bachelor and Master of Technology (Dual Degree))"
862,119,"Chemistry (5 Years, Integrated Master of Science)"
863,119,"Physics (5 Years, Integrated Master of Science)"
864,119,"Mathematics (5 Years, Integrated Master of Science)"
865,119,"Life Science (5 Years, Integrated Master of Science)"
866,120,"Civil Engineering (4 Years, Bachelor of Technology)"
867,120,"Computer Science and Engineering (4 Years, Bachelor of Technology)"
868,120,"Electrical Engineering (4 Years, Bachelor of Technology)"
869,120,"Electronics and Communication Engineering (4 Years, Bachelor of Technology)"
870,120,"Mechanical Engineering (4 Years, Bachelor of Technology)"
871,120,"Electronics and Instrumentation Engineering (4 Years, Bachelor of Technology)"
872,121,"Chemical Engineering (4 Years, Bachelor of Technology)"
873,121,"Civil Engineering (4 Years, Bachelor of Technology)"
874,121,"Computer Science and Engineering (4 Years, Bachelor of Technology)"
875,121,"Electrical Engineering (4 Years, Bachelor of Technology)"
876,121,"Electronics and Communication Engineering (4 Years, Bachelor of Technology)"
877,121,"Mechanical Engineering (4 Years, Bachelor of Technology)"
878,121,"Metallurgical and Materials Engineering (4 Years, Bachelor of Technology)"
879,121,"Information Technology (4 Years, Bachelor of Technology)"
880,122,"Chemical Engineering (4 Years, Bachelor of Technology)"
881,122,"Civil Engineering (4 Years, Bachelor of Technology)"
882,122,"Computer Science and Engineering (4 Years, Bachelor of Technology)"
883,122,"Electronics and Communication Engineering (4 Years, Bachelor of Technology)"
884,122,"Mechanical Engineering (4 Years, Bachelor of Technology)"
885,122,"Metallurgical and Materials Engineering (4 Years, Bachelor of Technology)"
886,122,"Electrical and Electronics Engineering (4 Years, Bachelor of Technology)"
887,122,"Production Engineering (4 Years, Bachelor of Technology)"
888,122,"Instrumentation and Control Engineering (4 Years, Bachelor of Technology)"
889,122,"Architecture  (5 Years, Bachelor of Architecture)"
890,123,"Civil Engineering (4 Years, Bachelor of Technology)"
891,123,"Computer Science and Engineering (4 Years, Bachelor of Technology)"
892,123,"Electronics and Communication Engineering (4 Years, Bachelor of Technology)"
893,123,"Mechanical Engineering (4 Years, Bachelor of Technology)"
894,123,"Electrical and Electronics Engineering (4 Years, Bachelor of Technology)"
895,124,"Bio Technology (4 Years, Bachelor of Technology)"
896,124,"Chemical Engineering (4 Years, Bachelor of Technology)"
897,124,"Civil Engineering (4 Years, Bachelor of Technology)"
898,124,"Electronics and Communication Engineering (VLSI Design and Technology) (4 Years, Bachelor of Technology)"
899,124,"Computer Science and Engineering (4 Years, Bachelor of Technology)"
900,124,"Electronics and Communication Engineering (4 Years, Bachelor of Technology)"
901,124,"Mathematics and Computing (4 Years, Bachelor of Technology)"
902,124,"Mechanical Engineering (4 Years, Bachelor of Technology)"
903,124,"Metallurgical and Materials Engineering (4 Years, Bachelor of Technology)"
904,124,"Computer Science and Engineering ( Artificial Intelligence &amp; Data Science) (4 Years, Bachelor of Technology)"
905,124,"Electrical and Electronics Engineering (4 Years, Bachelor of Technology)"
906,124,"Chemical Engineering (5 Years, Bachelor and Master of Technology (Dual Degree))"
907,124,"Metallurgical and Materials Engineering (5 Years, Bachelor and Master of Technology (Dual Degree))"
908,124,"Chemistry (5 Years, Integrated Master of Science)"
909,124,"Physics (5 Years, Integrated Master of Science)"
910,124,"Mathematics (5 Years, Integrated Master of Science)"
911,125,"Chemical Engineering (4 Years, Bachelor of Technology)"
912,125,"Civil Engineering (4 Years, Bachelor of Technology)"
913,125,"Industrial Chemistry (4 Years, Bachelor of Technology)"
914,125,"Electronics and VLSI Engineering (4 Years, Bachelor of Technology)"
915,125,"Computer Science and Engineering (4 Years, Bachelor of Technology)"
916,125,"Electrical Engineering (4 Years, Bachelor of Technology)"
917,125,"Electronics and Communication Engineering (4 Years, Bachelor of Technology)"
918,125,"Engineering Physics (4 Years, Bachelor of Technology)"
919,125,"Mathematics and Computing (4 Years, Bachelor of Technology)"
920,125,"Mechanical Engineering (4 Years, Bachelor of Technology)"
921,125,"Artificial Intelligence (4 Years, Bachelor of Technology)"
922,125,"Chemistry (5 Years, Integrated Master of Science)"
923,125,"Physics (5 Years, Integrated Master of Science)"
924,125,"Mathematics (5 Years, Integrated Master of Science)"
925,125,"Artificial Intelligence (5 Years, Integrated B. Tech. and M. Tech.)"
926,126,"Chemical Engineering (4 Years, Bachelor of Technology)"
927,126,"Civil Engineering (4 Years, Bachelor of Technology)"
928,126,"Computer Science and Engineering (4 Years, Bachelor of Technology)"
929,126,"Electronics and Communication Engineering (4 Years, Bachelor of Technology)"
930,126,"Mechanical Engineering (4 Years, Bachelor of Technology)"
931,126,"Metallurgical and Materials Engineering (4 Years, Bachelor of Technology)"
932,126,"Mining Engineering  (4 Years, Bachelor of Technology)"
933,126,"Electrical and Electronics Engineering (4 Years, Bachelor of Technology)"
934,126,"Architecture  (5 Years, Bachelor of Architecture)"
935,127,"Bio Technology (4 Years, Bachelor of Technology)"
936,127,"Chemical Engineering (4 Years, Bachelor of Technology)"
937,127,"Civil Engineering (4 Years, Bachelor of Technology)"
938,127,"Computer Science and Engineering (4 Years, Bachelor of Technology)"
939,127,"Electronics and Communication Engineering (4 Years, Bachelor of Technology)"
940,127,"Mechanical Engineering (4 Years, Bachelor of Technology)"
941,127,"Metallurgical and Materials Engineering (4 Years, Bachelor of Technology)"
942,127,"Electrical and Electronics Engineering (4 Years, Bachelor of Technology)"
943,128,"Aerospace Engineering (4 Years, Bachelor of Technology)"
944,128,"Civil Engineering (4 Years, Bachelor of Technology)"
945,128,"Computer Science and Engineering (4 Years, Bachelor of Technology)"
946,128,"Electrical Engineering (4 Years, Bachelor of Technology)"
947,128,"Mechanical Engineering (4 Years, Bachelor of Technology)"
948,128,"Mining Engineering  (4 Years, Bachelor of Technology)"
949,128,"Information Technology (4 Years, Bachelor of Technology)"
950,128,"Electronics and Telecommunication Engineering (4 Years, Bachelor of Technology)"
951,128,"Metallurgy and Materials Engineering (4 Years, Bachelor of Technology)"
952,128,"Architecture  (5 Years, Bachelor of Architecture)"
